CREATE TABLE `Helyszín` (
  `ID` int PRIMARY KEY,
  `Ország` varchar(255),
  `ÖkológiaiRégió` varchar(255)
);

CREATE TABLE `Méret` (
  `ID` int PRIMARY KEY,
  `Hossz` int,
  `Magasság` int
);


CREATE TABLE `Terület` (
  `ID` int PRIMARY KEY,
  `Helyszín_ID` int,
  `Típus` varchar(255),
  `VédelmiSzint` varchar(255),
  FOREIGN KEY (`Helyszín_ID`) REFERENCES `Helyszín` (`ID`) ON DELETE CASCADE ON UPDATE CASCADE
);


CREATE TABLE `ÁllatFajok` (
  `ID` int PRIMARY KEY,
  `KözönségesNév` varchar(255),
  `TudományosNév` varchar(255),
  `Állapot` varchar(255),
  `Osztály` varchar(255),
  `Súly` int,
  `Méret_ID` int,
  `Táplálék` varchar(255),
  FOREIGN KEY (`Méret_ID`) REFERENCES `Méret` (`ID`) ON DELETE SET NULL ON UPDATE CASCADE
);


CREATE TABLE `Veszélyeztetett` (
  `ID` int PRIMARY KEY,
  `Állat_ID` int,
  `Terület_ID` int,
  FOREIGN KEY (`Állat_ID`) REFERENCES `ÁllatFajok` (`ID`) ON DELETE CASCADE ON UPDATE CASCADE,
  FOREIGN KEY (`Terület_ID`) REFERENCES `Terület` (`ID`) ON DELETE CASCADE ON UPDATE CASCADE
);

CREATE TABLE `Vadvilág` (
  `ID` int PRIMARY KEY,
  `Név` varchar(255),
  `Leírás` text
);

CREATE TABLE `Állat_Vadállat` (
  `Állat_ID` int,
  `Vadvilág_ID` int,
  PRIMARY KEY (`Állat_ID`, `Vadvilág_ID`),
  FOREIGN KEY (`Állat_ID`) REFERENCES `ÁllatFajok` (`ID`) ON DELETE CASCADE ON UPDATE CASCADE,
  FOREIGN KEY (`Vadvilág_ID`) REFERENCES `Vadvilág` (`ID`) ON DELETE CASCADE ON UPDATE CASCADE
);

INSERT INTO `Helyszín` (`ID`, `Ország`, `ÖkológiaiRégió`) VALUES
(1, 'Kína', 'Bambuszerdők'),
(2, 'Oroszország', 'Tajga erdők'),
(3, 'Ruanda', 'Hegyi esőerdők'),
(4, 'Csendes-óceán', 'Nyílt óceán'),
(5, 'USA', 'Erdők és mocsarak'),
(6, 'India', 'Mangrove erdők'),
(7, 'Ausztrália', 'Nagy Korallzátony'),
(8, 'Brazília', 'Amazon esőerdő'),
(9, 'Kenya', 'Szavanna'),
(10, 'Kanada', 'Boreális erdő'),
(11, 'Indonézia', 'Trópusi esőerdők'),
(12, 'Antarktisz', 'Jégtakarók'),
(13, 'Dél-Afrika', 'Fynbos'),
(14, 'Mexikó', 'Sivatagok és erdők'),
(15, 'Norvégia', 'Arktikus tajga'),
(16, 'Új-Zéland', 'Mérsékelt esőerdők'),
(17, 'Chile', 'Atacama sivatag'),
(18, 'Olaszország', 'Mediterrán cserjések'),
(19, 'Fülöp-szigetek', 'Korallzátonyok'),
(20, 'Peru', 'Felhőerdők'),
(21, 'Thaiföld', 'Örökzöld erdők'),
(22, 'Japán', 'Mérsékelt erdők'),
(23, 'Madagaszkár', 'Tüskés erdők'),
(24, 'Etiópia', 'Magasföldek'),
(25, 'Argentína', 'Patagóniai puszta'),
(26, 'Szaúd-Arábia', 'Sivatagok'),
(27, 'Alaszka', 'Tundra'),
(28, 'Németország', 'Vegyes erdők'),
(29, 'Vietnam', 'Mangrove mocsarak'),
(30, 'Franciaország', 'Lombhullató erdők'),
(31, 'Malajzia', 'Tőzeg mocsarak'),
(32, 'Kolumbia', 'Trópusi erdők'),
(33, 'Mianmar', 'Hegyi erdők'),
(34, 'Zimbabwé', 'Füves puszták'),
(35, 'Pakisztán', 'Thár sivatag'),
(36, 'Kongó', 'Alacsony esőerdők'),
(37, 'Tanzánia', 'Serengeti'),
(38, 'Irán', 'Zagros erdők'),
(39, 'Egyiptom', 'Nílus deltája'),
(40, 'Dél-Korea', 'Mérsékelt hegyek'),
(41, 'Marokkó', 'Atlasz-hegység'),
(42, 'Törökország', 'Sztyeppe és erdő'),
(43, 'Grönland', 'Jégtakarók'),
(44, 'Fidzsi', 'Trópusi szigetek'),
(45, 'Nepál', 'Himalája'),
(46, 'Bhután', 'Szubtrópusi erdők'),
(47, 'Venezuela', 'Orinoco medence'),
(48, 'Banglades', 'Sundarbans'),
(49, 'Kuba', 'Kubai szigetvilág'),
(50, 'Ukrajna', 'Sztyeppe és erdők');


INSERT INTO `Méret` (`ID`, `Hossz`, `Magasság`) VALUES
(1, 160, 90), 
(2, 300, 120), 
(3, 200, 180), 
(4, 250, 30), 
(5, 150, 70),
(6, 180, 100), 
(7, 2500, 400), 
(8, 220, 120), 
(9, 200, 140), 
(10, 160, 90),
(11, 170, 80),
(12, 3000, 200),
(13, 100, 40),
(14, 120, 50),
(15, 250, 100),
(16, 210, 70),
(17, 150, 20),
(18, 130, 60),
(19, 30, 10),
(20, 150, 70),
(21, 160, 80),
(22, 140, 60),
(23, 120, 50),
(24, 200, 90),
(25, 190, 80),
(26, 150, 60),
(27, 180, 90),
(28, 170, 75),
(29, 110, 40),
(30, 130, 60),
(31, 140, 55),
(32, 230, 100),
(33, 210, 70),
(34, 250, 110),
(35, 180, 60),
(36, 200, 90),
(37, 300, 120),
(38, 170, 80),
(39, 100, 40),
(40, 120, 50),
(41, 140, 70),
(42, 160, 80),
(43, 3000, 150),
(44, 20, 5),
(45, 500, 200),
(46, 150, 70),
(47, 250, 120),
(48, 140, 60),
(49, 30, 12),
(50, 160, 70);


INSERT INTO `Vadvilág` (`ID`, `Név`, `Leírás`) VALUES
(1, 'Bambuszerdő Vadvilág', 'Az óriáspandák otthona'),   
(2, 'Taiga Erdő Vadvilág', 'Az amuri tigrisek otthona'),     
(3, 'Hegyi Trópusi Esőerdő Vadvilág', 'A hegyi gorillák otthona'),
(4, 'Nyílt Óceán Vadvilág', 'A kék bálnák otthona'),     
(5, 'Mocsaras és Erdő Vadvilág', 'A vörös farkasok otthona'),
(6, 'Mangrove Vadvilág', 'A bengáli tigrisek otthona'),
(7, 'Korallzátony Vadvilág', 'A klónohalak otthona'),
(8, 'Amazonas Vadvilág', 'A jaguárok otthona'),
(9, 'Szavanna Vadvilág', 'Az oroszlánok otthona'),
(10, 'Boreális Vadvilág', 'A caribou szarvasok otthona'),
(11, 'Trópusi Vadvilág', 'Az orangutánok otthona'),
(12, 'Jég Vadvilág', 'A pingvinek otthona'),
(13, 'Fynbos Vadvilág', 'A cukormadarak otthona'),
(14, 'Sivatagi Vadvilág', 'A sivatagi rókák otthona'),
(15, 'Arktikus Vadvilág', 'A jegesmedvék otthona'),
(16, 'Mérsékelt Vadvilág', 'A kivi madarak otthona'),
(17, 'Sivatagi Vadvilág', 'Az armadillók otthona'),
(18, 'Cserje Vadvilág', 'Az olasz rókák otthona'),
(19, 'Zátony Vadvilág', 'A zátony cápák otthona'),
(20, 'Felhő Vadvilág', 'A császári medvék otthona'),
(21, 'Örökzöld Vadvilág', 'Az ázsiai elefántok otthona'),
(22, 'Erdő Vadvilág', 'A japán makákók otthona'),
(23, 'Tüskés Vadvilág', 'A gyűrűsfarkú makik otthona'),
(24, 'Hegyi Vadvilág', 'A walia ibexek otthona'),
(25, 'Sztyeppi Vadvilág', 'A guanacók otthona'),
(26, 'Sivatagi Vadvilág', 'A homoki gazellák otthona'),
(27, 'Tundra Vadvilág', 'Az arktikai rókák otthona'),
(28, 'Vegyes Erdő Vadvilág', 'A vadkanok otthona'),
(29, 'Mangrove Mocsár Vadvilág', 'A sósvízi krokodilok otthona'),
(30, 'Lombhullató Vadvilág', 'A vörös szarvasok otthona'),
(31, 'Tőzegmocsár Vadvilág', 'A szumátrai tigrisek otthona'),
(32, 'Trópusi Vadvilág', 'A kapucinus majmok otthona'),
(33, 'Hegyi Erdő Vadvilág', 'A gibbonok otthona'),
(34, 'Füves Puszta Vadvilág', 'Az afrikai vadkutya otthona'),
(35, 'Thar Sivatagi Vadvilág', 'A homoki macskák otthona'),
(36, 'Alacsony Föld Vadvilág', 'Az erdei elefántok otthona'),
(37, 'Serengeti Vadvilág', 'A gepárdok otthona'),
(38, 'Zágrósi Erdő Vadvilág', 'A perzsa leopárdok otthona'),
(39, 'Nílusi Deltai Vadvilág', 'A nílusi krokodilok otthona'),
(40, 'Mérsékelt Hegyi Vadvilág', 'A vörös rókák otthona'),
(41, 'Atlasz Vadvilág', 'A barbár oroszlánok otthona'),
(42, 'Sztyeppi és Erdő Vadvilág', 'A török farkasok otthona'),
(43, 'Glaciális Vadvilág', 'A musk oxek otthona'),
(44, 'Trópusi Szigeti Vadvilág', 'A csendes-óceáni repülő denevérek otthona'),
(45, 'Himalájai Vadvilág', 'A hó leopárdok otthona'),
(46, 'Szubtrópusi Vadvilág', 'Az arany langúrok otthona'),
(47, 'Orinoco Vadvilág', 'Az orinokói krokodilok otthona'),
(48, 'Sundarbans Vadvilág', 'A bengáli tigrisek otthona'),
(49, 'Szigetvilág Vadvilág', 'A kubai trogonok otthona'),
(50, 'Sztyeppi Vadvilág', 'A saiga antilopok otthona');


INSERT INTO `Terület` (`ID`, `Helyszín_ID`, `Típus`, `VédelmiSzint`) VALUES
(1, 1, 'Erdőterület', 'Védett'),    
(2, 2, 'Erdőterület', 'Védett'),    
(3, 3, 'Hegyi terület', 'Védett'),  
(4, 4, 'Óceán', 'Védett'),          
(5, 5, 'Erdő- és mocsáterület', 'Védett'),
(6, 6, 'Mangróveterület', 'Védett'),
(7, 7, 'Tengeri terület', 'Védett'),
(8, 8, 'Esőerdő', 'Védett'),
(9, 9, 'Szavanna', 'Védett'),
(10, 10, 'Erdőterület', 'Védett'),
(11, 11, 'Esőerdő', 'Védett'),
(12, 12, 'Jégterület', 'Védett'),
(13, 13, 'Cserjés terület', 'Védett'),
(14, 14, 'Sivatag', 'Védett'),
(15, 15, 'Tundra', 'Védett'),
(16, 16, 'Esőerdő', 'Védett'),
(17, 17, 'Sivatag', 'Védett'),
(18, 18, 'Cserjés terület', 'Védett'),
(19, 19, 'Tengeri terület', 'Védett'),
(20, 20, 'Felhőerdő', 'Védett'),
(21, 21, 'Örökzöld erdő', 'Védett'),
(22, 22, 'Erdő', 'Védett'),
(23, 23, 'Tüskés erdő', 'Védett'),
(24, 24, 'Felföld', 'Védett'),
(25, 25, 'Sztyeppe', 'Védett'),
(26, 26, 'Sivatag', 'Védett'),
(27, 27, 'Tundra', 'Védett'),
(28, 28, 'Vegyes erdő', 'Védett'),
(29, 29, 'Mangróvmocsár', 'Védett'),
(30, 30, 'Lombhullató erdő', 'Védett'),
(31, 31, 'Tőzegmocsár', 'Védett'),
(32, 32, 'Trópusi erdő', 'Védett'),
(33, 33, 'Dombvidéki erdő', 'Védett'),
(34, 34, 'Fűtáj', 'Védett'),
(35, 35, 'Sivatag', 'Védett'),
(36, 36, 'Alacsony fekvésű erdő', 'Védett'),
(37, 37, 'Szavanna', 'Védett'),
(38, 38, 'Erdőterület', 'Védett'),
(39, 39, 'Mocsarak', 'Védett'),
(40, 40, 'Mérsékelt hegyek', 'Védett'),
(41, 41, 'Hegység', 'Védett'),
(42, 42, 'Sztyeppe és erdő', 'Védett'),
(43, 43, 'Gleccser terület', 'Védett'),
(44, 44, 'Trópusi szigetek', 'Védett'),
(45, 45, 'Hegység', 'Védett'),
(46, 46, 'Szubtrópusi erdő', 'Védett'),
(47, 47, 'Folyómedence', 'Védett'),
(48, 48, 'Mangróvmocsár', 'Védett'),
(49, 49, 'Szigetvilág', 'Védett'),
(50, 50, 'Sztyeppe', 'Védett');


INSERT INTO `ÁllatFajok` (`ID`, `KözönségesNév`, `TudományosNév`, `Állapot`, `Osztály`, `Súly`, `Méret_ID`, `Táplálék`) VALUES
(1, 'Óriáspanda', 'Ailuropoda melanoleuca', 'Veszélyeztetett', 'Emlős', 100, 1, 'Bambusz'),
(2, 'Amuri tigris', 'Panthera tigris altaica', 'Veszélyeztetett', 'Emlős', 300, 2, 'Húsevő'),
(3, 'Hegyi gorilla', 'Gorilla beringei beringei', 'Veszélyeztetett', 'Emlős', 150, 3, 'Növényevő'),
(4, 'Kék bálna', 'Balaenoptera musculus', 'Kritikusan veszélyeztetett', 'Emlős', 150000, 4, 'Planktivor'),
(5, 'Vörös farkas', 'Canis rufus', 'Veszélyeztetett', 'Emlős', 40, 5, 'Húsevő'),
(6, 'Bengáli tigris', 'Panthera tigris tigris', 'Veszélyeztetett', 'Emlős', 220, 6, 'Húsevő'),
(7, 'Törpe tengeri hal', 'Amphiprioninae', 'Legkisebb aggodalomra okot adó', 'Halak', 0.2, 7, 'Mindenevő'),
(8, 'Jaguar', 'Panthera onca', 'Közel veszélyeztetett', 'Emlős', 90, 8, 'Húsevő'),
(9, 'Afrikai oroszlán', 'Panthera leo', 'Vulnerable', 'Emlős', 190, 9, 'Húsevő'),
(10, 'Caribou', 'Rangifer tarandus', 'Legkisebb aggodalomra okot adó', 'Emlős', 150, 10, 'Növényevő'),
(11, 'Orángután', 'Pongo pygmaeus', 'Kritikusan veszélyeztetett', 'Emlős', 80, 11, 'Növényevő'),
(12, 'Császárpingvin', 'Aptenodytes forsteri', 'Közel veszélyeztetett', 'Madár', 30, 12, 'Húsevő'),
(13, 'Cape Sugarbird', 'Promerops cafer', 'Legkisebb aggodalomra okot adó', 'Madár', 0.1, 13, 'Mindenevő'),
(14, 'Fennec róka', 'Vulpes zerda', 'Legkisebb aggodalomra okot adó', 'Emlős', 1.5, 14, 'Mindenevő'),
(15, 'Jegesmedve', 'Ursus maritimus', 'Veszélyeztetett', 'Emlős', 450, 15, 'Húsevő'),
(16, 'Kiwi', 'Apteryx', 'Veszélyeztetett', 'Madár', 2.5, 16, 'Mindenevő'),
(17, 'Kilencsávos armadillo', 'Dasypus novemcinctus', 'Legkisebb aggodalomra okot adó', 'Emlős', 6, 17, 'Rovar evő'),
(18, 'Olasz róka', 'Vulpes vulpes', 'Legkisebb aggodalomra okot adó', 'Emlős', 7, 18, 'Húsevő'),
(19, 'Zátonyi cápa', 'Carcharhinus', 'Közel veszélyeztetett', 'Halak', 150, 19, 'Húsevő'),
(20, 'Szemüveges medve', 'Tremarctos ornatus', 'Veszélyeztetett', 'Emlős', 110, 20, 'Mindenevő'),
(21, 'Ázsiai elefánt', 'Elephas maximus', 'Veszélyeztetett', 'Emlős', 3000, 21, 'Növényevő'),
(22, 'Japán makákó', 'Macaca fuscata', 'Legkisebb aggodalomra okot adó', 'Emlős', 12, 22, 'Mindenevő'),
(23, 'Gyűrűsfarkú lemúr', 'Lemur catta', 'Veszélyeztetett', 'Emlős', 3, 23, 'Mindenevő'),
(24, 'Walia ibex', 'Capra walie', 'Veszélyeztetett', 'Emlős', 90, 24, 'Növényevő'),
(25, 'Guanaco', 'Lama guanicoe', 'Legkisebb aggodalomra okot adó', 'Emlős', 100, 25, 'Növényevő'),
(26, 'Homoki gazella', 'Gazella subgutturosa', 'Legkisebb aggodalomra okot adó', 'Emlős', 25, 26, 'Növényevő'),
(27, 'Arktikai róka', 'Vulpes lagopus', 'Legkisebb aggodalomra okot adó', 'Emlős', 4, 27, 'Húsevő'),
(28, 'Vadkan', 'Sus scrofa', 'Legkisebb aggodalomra okot adó', 'Emlős', 90, 28, 'Mindenevő'),
(29, 'Sósvízi krokodil', 'Crocodylus porosus', 'Legkisebb aggodalomra okot adó', 'Hüllők', 1000, 29, 'Húsevő'),
(30, 'Vörös szarvas', 'Cervus elaphus', 'Legkisebb aggodalomra okot adó', 'Emlős', 200, 30, 'Növényevő'),
(31, 'Szumátrai tigris', 'Panthera tigris sumatrae', 'Kritikusan veszélyeztetett', 'Emlős', 100, 31, 'Húsevő'),
(32, 'Kapuccinos majom', 'Cebinae', 'Legkisebb aggodalomra okot adó', 'Emlős', 3, 32, 'Mindenevő'),
(33, 'Gibbon', 'Hylobatidae', 'Veszélyeztetett', 'Emlős', 6, 33, 'Mindenevő'),
(34, 'Afrikai vadkutya', 'Lycaon pictus', 'Veszélyeztetett', 'Emlős', 30, 34, 'Húsevő'),
(35, 'Homoki macska', 'Felis margarita', 'Legkisebb aggodalomra okot adó', 'Emlős', 3, 35, 'Húsevő'),
(36, 'Erdő elefánt', 'Loxodonta cyclotis', 'Kritikusan veszélyeztetett', 'Emlős', 3000, 36, 'Növényevő'),
(37, 'Gepárd', 'Acinonyx jubatus', 'Veszélyeztetett', 'Emlős', 50, 37, 'Húsevő'),
(38, 'Perzsa leopárd', 'Panthera pardus saxicolor', 'Veszélyeztetett', 'Emlős', 70, 38, 'Húsevő'),
(39, 'Nílusi krokodil', 'Crocodylus niloticus', 'Legkisebb aggodalomra okot adó', 'Hüllők', 700, 39, 'Húsevő'),
(40, 'Vörös róka', 'Vulpes vulpes', 'Legkisebb aggodalomra okot adó', 'Emlős', 8, 40, 'Mindenevő'),
(41, 'Barbár oroszlán', 'Panthera leo leo', 'Vadon kihalt', 'Emlős', 200, 41, 'Húsevő'),
(42, 'Török farkas', 'Canis lupus', 'Legkisebb aggodalomra okot adó', 'Emlős', 45, 42, 'Húsevő'),
(43, 'Musk ox', 'Ovibos moschatus', 'Legkisebb aggodalomra okot adó', 'Emlős', 300, 43, 'Növényevő'),
(44, 'Csendes-óceáni repülő róka', 'Pteropus tonganus', 'Legkisebb aggodalomra okot adó', 'Emlős', 1, 44, 'Gyümölcsevő'),
(45, 'Hóleopárd', 'Panthera uncia', 'Veszélyeztetett', 'Emlős', 55, 45, 'Húsevő'),
(46, 'Arany langur', 'Trachypithecus geei', 'Veszélyeztetett', 'Emlős', 11, 46, 'Növényevő'),
(47, 'Orinocói krokodil', 'Crocodylus intermedius', 'Kritikusan veszélyeztetett', 'Hüllők', 500, 47, 'Húsevő'),
(48, 'Bengáli tigris', 'Panthera tigris tigris', 'Veszélyeztetett', 'Emlős', 220, 48, 'Húsevő'),
(49, 'Kubai trogon', 'Priotelus temnurus', 'Legkisebb aggodalomra okot adó', 'Madár', 0.1, 49, 'Mindenevő'),
(50, 'Sajga antilop', 'Saiga tatarica', 'Kritikusan veszélyeztetett', 'Emlős', 50, 50, 'Növényevő');



INSERT INTO `Veszélyeztetett` (`ID`, `Állat_ID`, `Terület_ID`) VALUES
(1, 1, 1),  
(2, 2, 2),  
(3, 3, 3),  
(4, 4, 4),  
(5, 5, 5),
(6, 6, 6),
(7, 7, 7),
(8, 8, 8),
(9, 9, 9),
(10, 10, 10),
(11, 11, 11),
(12, 12, 12),
(13, 13, 13),
(14, 14, 14),
(15, 15, 15),
(16, 16, 16),
(17, 17, 17),
(18, 18, 18),
(19, 19, 19),
(20, 20, 20),
(21, 21, 21),
(22, 22, 22),
(23, 23, 23),
(24, 24, 24),
(25, 25, 25),
(26, 26, 26),
(27, 27, 27),
(28, 28, 28),
(29, 29, 29),
(30, 30, 30),
(31, 31, 31),
(32, 32, 32),
(33, 33, 33),
(34, 34, 34),
(35, 35, 35),
(36, 36, 36),
(37, 37, 37),
(38, 38, 38),
(39, 39, 39),
(40, 40, 40),
(41, 41, 41),
(42, 42, 42),
(43, 43, 43),
(44, 44, 44),
(45, 45, 45),
(46, 46, 46),
(47, 47, 47),
(48, 48, 48),
(49, 49, 49),
(50, 50, 50);

INSERT INTO `Állat_Vadállat` (`Állat_ID`, `Vadvilág_ID`) VALUES
(1, 1),
(2, 2),
(3, 3),
(4, 4),
(5, 5),
(6, 6),
(7, 7),
(8, 8),
(9, 9),
(10, 10),
(11, 11),
(12, 12),
(13, 13),
(14, 14),
(15, 15),
(16, 16),
(17, 17),
(18, 18),
(19, 19),
(20, 20),
(21, 21),
(22, 22),
(23, 23),
(24, 24),
(25, 25),
(26, 26),
(27, 27),
(28, 28),
(29, 29),
(30, 30),
(31, 31),
(32, 32),
(33, 33),
(34, 34),
(35, 35),
(36, 36),
(37, 37),
(38, 38),
(39, 39),
(40, 40),
(41, 41),
(42, 42),
(43, 43),
(44, 44),
(45, 45),
(46, 46),
(47, 47),
(48, 48),
(49, 49),
(50, 50);

