CREATE TABLE `Location` (
  `ID` int PRIMARY KEY,
  `Country` varchar(255),
  `EcologicalRegion` varchar(255)
);

CREATE TABLE `Size` (
  `ID` int PRIMARY KEY,
  `Length` int,
  `Height` int
);

CREATE TABLE `Area` (
  `ID` int PRIMARY KEY,
  `Location_ID` int,
  `Type` varchar(255),
  `ProtectionLevel` varchar(255),
  FOREIGN KEY (`Location_ID`) REFERENCES `Location` (`ID`) ON DELETE CASCADE ON UPDATE CASCADE
);

CREATE TABLE `AnimalSpecies` (
  `ID` int PRIMARY KEY,
  `CommonName` varchar(255),
  `ScientificName` varchar(255),
  `Status` varchar(255),
  `Class` varchar(255),
  `Weight` int,
  `Size_ID` int,
  `Diet` varchar(255),
  FOREIGN KEY (`Size_ID`) REFERENCES `Size` (`ID`) ON DELETE SET NULL ON UPDATE CASCADE
);

CREATE TABLE `Endangered` (
  `ID` int PRIMARY KEY,
  `Animal_ID` int,
  `Area_ID` int,
  FOREIGN KEY (`Animal_ID`) REFERENCES `AnimalSpecies` (`ID`) ON DELETE CASCADE ON UPDATE CASCADE,
  FOREIGN KEY (`Area_ID`) REFERENCES `Area` (`ID`) ON DELETE CASCADE ON UPDATE CASCADE
);

CREATE TABLE `Wildlife` (
  `ID` int PRIMARY KEY,
  `Name` varchar(255),
  `Description` text
);

CREATE TABLE `Animal_Wildlife` (
  `Animal_ID` int,
  `Wildlife_ID` int,
  PRIMARY KEY (`Animal_ID`, `Wildlife_ID`),
  FOREIGN KEY (`Animal_ID`) REFERENCES `AnimalSpecies` (`ID`) ON DELETE CASCADE ON UPDATE CASCADE,
  FOREIGN KEY (`Wildlife_ID`) REFERENCES `Wildlife` (`ID`) ON DELETE CASCADE ON UPDATE CASCADE
);




INSERT INTO `Location` (`ID`, `Country`, `EcologicalRegion`) VALUES
(1, 'China', 'Bamboo Forests'),
(2, 'Russia', 'Taiga Forests'),
(3, 'Rwanda', 'Mountain Rainforests'),
(4, 'Pacific Ocean', 'Open Ocean'),
(5, 'USA', 'Forests and Swamps'),
(6, 'India', 'Mangrove Forests'),
(7, 'Australia', 'Great Barrier Reef'),
(8, 'Brazil', 'Amazon Rainforest'),
(9, 'Kenya', 'Savannah'),
(10, 'Canada', 'Boreal Forest'),
(11, 'Indonesia', 'Tropical Rainforests'),
(12, 'Antarctica', 'Ice Sheets'),
(13, 'South Africa', 'Fynbos'),
(14, 'Mexico', 'Deserts and Forests'),
(15, 'Norway', 'Arctic Tundra'),
(16, 'New Zealand', 'Temperate Rainforests'),
(17, 'Chile', 'Atacama Desert'),
(18, 'Italy', 'Mediterranean Scrub'),
(19, 'Philippines', 'Coral Reefs'),
(20, 'Peru', 'Cloud Forests'),
(21, 'Thailand', 'Evergreen Forests'),
(22, 'Japan', 'Temperate Forests'),
(23, 'Madagascar', 'Spiny Forests'),
(24, 'Ethiopia', 'Highlands'),
(25, 'Argentina', 'Patagonian Steppe'),
(26, 'Saudi Arabia', 'Deserts'),
(27, 'Alaska', 'Tundra'),
(28, 'Germany', 'Mixed Forests'),
(29, 'Vietnam', 'Mangrove Swamps'),
(30, 'France', 'Deciduous Forests'),
(31, 'Malaysia', 'Peat Swamps'),
(32, 'Colombia', 'Tropical Forests'),
(33, 'Myanmar', 'Hill Forests'),
(34, 'Zimbabwe', 'Grasslands'),
(35, 'Pakistan', 'Thar Desert'),
(36, 'Congo', 'Lowland Rainforests'),
(37, 'Tanzania', 'Serengeti'),
(38, 'Iran', 'Zagros Forests'),
(39, 'Egypt', 'Nile Delta'),
(40, 'South Korea', 'Temperate Hills'),
(41, 'Morocco', 'Atlas Mountains'),
(42, 'Turkey', 'Steppe and Forest'),
(43, 'Greenland', 'Glaciers'),
(44, 'Fiji', 'Tropical Isles'),
(45, 'Nepal', 'Himalayas'),
(46, 'Bhutan', 'Subtropical Forests'),
(47, 'Venezuela', 'Orinoco Basin'),
(48, 'Bangladesh', 'Sundarbans'),
(49, 'Cuba', 'Cuban Archipelago'),
(50, 'Ukraine', 'Steppe and Forests');

INSERT INTO `Size` (`ID`, `Length`, `Height`) VALUES
(1, 160, 90), 
(2, 300, 120), 
(3, 200, 180), 
(4, 250, 30), 
(5, 150, 70),
(6, 180, 100), 
(7, 2500, 400), 
(8, 220, 120), 
(9, 200, 140), 
(10, 160, 90),
(11, 170, 80),
(12, 3000, 200),
(13, 100, 40),
(14, 120, 50),
(15, 250, 100),
(16, 210, 70),
(17, 150, 20),
(18, 130, 60),
(19, 30, 10),
(20, 150, 70),
(21, 160, 80),
(22, 140, 60),
(23, 120, 50),
(24, 200, 90),
(25, 190, 80),
(26, 150, 60),
(27, 180, 90),
(28, 170, 75),
(29, 110, 40),
(30, 130, 60),
(31, 140, 55),
(32, 230, 100),
(33, 210, 70),
(34, 250, 110),
(35, 180, 60),
(36, 200, 90),
(37, 300, 120),
(38, 170, 80),
(39, 100, 40),
(40, 120, 50),
(41, 140, 70),
(42, 160, 80),
(43, 3000, 150),
(44, 20, 5),
(45, 500, 200),
(46, 150, 70),
(47, 250, 120),
(48, 140, 60),
(49, 30, 12),
(50, 160, 70);

INSERT INTO `Wildlife` (`ID`, `Name`, `Description`) VALUES
(1, 'Bamboo Forest Wildlife', 'Home of Giant Pandas'),   
(2, 'Taiga Forest Wildlife', 'Home of Amur Tigers'),     
(3, 'Mountain Rainforest Wildlife', 'Home of Mountain Gorillas'),
(4, 'Open Ocean Wildlife', 'Home of Blue Whales'),     
(5, 'Swamp and Forest Wildlife', 'Home of Red Wolves'),
(6, 'Mangrove Wildlife', 'Home of Bengal Tigers'),
(7, 'Coral Reef Wildlife', 'Home of Clownfish'),
(8, 'Amazon Wildlife', 'Home of Jaguars'),
(9, 'Savannah Wildlife', 'Home of Lions'),
(10, 'Boreal Wildlife', 'Home of Caribou'),
(11, 'Tropical Wildlife', 'Home of Orangutans'),
(12, 'Ice Wildlife', 'Home of Penguins'),
(13, 'Fynbos Wildlife', 'Home of Sugarbirds'),
(14, 'Desert Wildlife', 'Home of Desert Foxes'),
(15, 'Arctic Wildlife', 'Home of Polar Bears'),
(16, 'Temperate Wildlife', 'Home of Kiwis'),
(17, 'Desert Wildlife', 'Home of Armadillos'),
(18, 'Scrub Wildlife', 'Home of Italian Foxes'),
(19, 'Reef Wildlife', 'Home of Reef Sharks'),
(20, 'Cloud Wildlife', 'Home of Spectacled Bears'),
(21, 'Evergreen Wildlife', 'Home of Asian Elephants'),
(22, 'Forest Wildlife', 'Home of Japanese Macaques'),
(23, 'Spiny Wildlife', 'Home of Lemurs'),
(24, 'Highland Wildlife', 'Home of Walia Ibex'),
(25, 'Steppe Wildlife', 'Home of Guanacos'),
(26, 'Desert Wildlife', 'Home of Sand Gazelles'),
(27, 'Tundra Wildlife', 'Home of Arctic Foxes'),
(28, 'Mixed Forest Wildlife', 'Home of Wild Boars'),
(29, 'Mangrove Swamp Wildlife', 'Home of Saltwater Crocodiles'),
(30, 'Deciduous Wildlife', 'Home of Red Deer'),
(31, 'Peat Swamp Wildlife', 'Home of Sumatran Tigers'),
(32, 'Tropical Wildlife', 'Home of Capuchin Monkeys'),
(33, 'Hill Forest Wildlife', 'Home of Gibbons'),
(34, 'Grassland Wildlife', 'Home of African Wild Dogs'),
(35, 'Thar Desert Wildlife', 'Home of Desert Cats'),
(36, 'Lowland Wildlife', 'Home of Forest Elephants'),
(37, 'Serengeti Wildlife', 'Home of Cheetahs'),
(38, 'Zagros Forest Wildlife', 'Home of Persian Leopards'),
(39, 'Nile Delta Wildlife', 'Home of Nile Crocodiles'),
(40, 'Temperate Hill Wildlife', 'Home of Red Foxes'),
(41, 'Atlas Wildlife', 'Home of Barbary Lions'),
(42, 'Steppe and Forest Wildlife', 'Home of Turkish Wolves'),
(43, 'Glacier Wildlife', 'Home of Musk Oxen'),
(44, 'Tropical Isles Wildlife', 'Home of Pacific Flying Foxes'),
(45, 'Himalayan Wildlife', 'Home of Snow Leopards'),
(46, 'Subtropical Wildlife', 'Home of Golden Langurs'),
(47, 'Orinoco Wildlife', 'Home of Orinoco Crocodiles'),
(48, 'Sundarbans Wildlife', 'Home of Bengal Tigers'),
(49, 'Archipelago Wildlife', 'Home of Cuban Trogons'),
(50, 'Steppe Wildlife', 'Home of Saiga Antelopes');


INSERT INTO `Area` (`ID`, `Location_ID`, `Type`, `ProtectionLevel`) VALUES
(1, 1, 'Forest Area', 'Protected'),    
(2, 2, 'Forest Area', 'Protected'),    
(3, 3, 'Mountain Area', 'Protected'),  
(4, 4, 'Ocean', 'Protected'),          
(5, 5, 'Forest and Swamp Area', 'Protected'),
(6, 6, 'Mangrove Area', 'Protected'),
(7, 7, 'Marine Area', 'Protected'),
(8, 8, 'Rainforest', 'Protected'),
(9, 9, 'Savannah', 'Protected'),
(10, 10, 'Forest Area', 'Protected'),
(11, 11, 'Rainforest', 'Protected'),
(12, 12, 'Ice Area', 'Protected'),
(13, 13, 'Scrubland', 'Protected'),
(14, 14, 'Desert', 'Protected'),
(15, 15, 'Tundra', 'Protected'),
(16, 16, 'Rainforest', 'Protected'),
(17, 17, 'Desert', 'Protected'),
(18, 18, 'Scrubland', 'Protected'),
(19, 19, 'Marine Area', 'Protected'),
(20, 20, 'Cloud Forest', 'Protected'),
(21, 21, 'Evergreen Forest', 'Protected'),
(22, 22, 'Forest', 'Protected'),
(23, 23, 'Spiny Forest', 'Protected'),
(24, 24, 'Highland', 'Protected'),
(25, 25, 'Steppe', 'Protected'),
(26, 26, 'Desert', 'Protected'),
(27, 27, 'Tundra', 'Protected'),
(28, 28, 'Mixed Forest', 'Protected'),
(29, 29, 'Mangrove Swamp', 'Protected'),
(30, 30, 'Deciduous Forest', 'Protected'),
(31, 31, 'Peat Swamp', 'Protected'),
(32, 32, 'Tropical Forest', 'Protected'),
(33, 33, 'Hill Forest', 'Protected'),
(34, 34, 'Grassland', 'Protected'),
(35, 35, 'Desert', 'Protected'),
(36, 36, 'Lowland Forest', 'Protected'),
(37, 37, 'Savannah', 'Protected'),
(38, 38, 'Forest Area', 'Protected'),
(39, 39, 'Wetlands', 'Protected'),
(40, 40, 'Temperate Hills', 'Protected'),
(41, 41, 'Mountain Range', 'Protected'),
(42, 42, 'Steppe and Forest', 'Protected'),
(43, 43, 'Glacier Area', 'Protected'),
(44, 44, 'Tropical Islands', 'Protected'),
(45, 45, 'Mountain Range', 'Protected'),
(46, 46, 'Subtropical Forest', 'Protected'),
(47, 47, 'River Basin', 'Protected'),
(48, 48, 'Mangrove Swamp', 'Protected'),
(49, 49, 'Archipelago', 'Protected'),
(50, 50, 'Steppe', 'Protected');

INSERT INTO `AnimalSpecies` (`ID`, `CommonName`, `ScientificName`, `Status`, `Class`, `Weight`, `Size_ID`, `Diet`) VALUES
(1, 'Giant Panda', 'Ailuropoda melanoleuca', 'Endangered', 'Mammals', 100, 1, 'Bamboo'),
(2, 'Amur Tiger', 'Panthera tigris altaica', 'Endangered', 'Mammals', 300, 2, 'Carnivore'),
(3, 'Mountain Gorilla', 'Gorilla beringei beringei', 'Endangered', 'Mammals', 150, 3, 'Herbivore'),
(4, 'Blue Whale', 'Balaenoptera musculus', 'Critically Endangered', 'Mammals', 150000, 4, 'Planktivore'),
(5, 'Red Wolf', 'Canis rufus', 'Endangered', 'Mammals', 40, 5, 'Carnivore'),
(6, 'Bengal Tiger', 'Panthera tigris tigris', 'Endangered', 'Mammals', 220, 6, 'Carnivore'),
(7, 'Clownfish', 'Amphiprioninae', 'Least Concern', 'Fish', 0.2, 7, 'Omnivore'),
(8, 'Jaguar', 'Panthera onca', 'Near Threatened', 'Mammals', 90, 8, 'Carnivore'),
(9, 'African Lion', 'Panthera leo', 'Vulnerable', 'Mammals', 190, 9, 'Carnivore'),
(10, 'Caribou', 'Rangifer tarandus', 'Least Concern', 'Mammals', 150, 10, 'Herbivore'),
(11, 'Orangutan', 'Pongo pygmaeus', 'Critically Endangered', 'Mammals', 80, 11, 'Herbivore'),
(12, 'Emperor Penguin', 'Aptenodytes forsteri', 'Near Threatened', 'Birds', 30, 12, 'Carnivore'),
(13, 'Cape Sugarbird', 'Promerops cafer', 'Least Concern', 'Birds', 0.1, 13, 'Omnivore'),
(14, 'Fennec Fox', 'Vulpes zerda', 'Least Concern', 'Mammals', 1.5, 14, 'Omnivore'),
(15, 'Polar Bear', 'Ursus maritimus', 'Vulnerable', 'Mammals', 450, 15, 'Carnivore'),
(16, 'Kiwi', 'Apteryx', 'Vulnerable', 'Birds', 2.5, 16, 'Omnivore'),
(17, 'Nine-banded Armadillo', 'Dasypus novemcinctus', 'Least Concern', 'Mammals', 6, 17, 'Insectivore'),
(18, 'Italian Fox', 'Vulpes vulpes', 'Least Concern', 'Mammals', 7, 18, 'Carnivore'),
(19, 'Reef Shark', 'Carcharhinus', 'Near Threatened', 'Fish', 150, 19, 'Carnivore'),
(20, 'Spectacled Bear', 'Tremarctos ornatus', 'Vulnerable', 'Mammals', 110, 20, 'Omnivore'),
(21, 'Asian Elephant', 'Elephas maximus', 'Endangered', 'Mammals', 3000, 21, 'Herbivore'),
(22, 'Japanese Macaque', 'Macaca fuscata', 'Least Concern', 'Mammals', 12, 22, 'Omnivore'),
(23, 'Ring-tailed Lemur', 'Lemur catta', 'Endangered', 'Mammals', 3, 23, 'Omnivore'),
(24, 'Walia Ibex', 'Capra walie', 'Endangered', 'Mammals', 90, 24, 'Herbivore'),
(25, 'Guanaco', 'Lama guanicoe', 'Least Concern', 'Mammals', 100, 25, 'Herbivore'),
(26, 'Sand Gazelle', 'Gazella subgutturosa', 'Least Concern', 'Mammals', 25, 26, 'Herbivore'),
(27, 'Arctic Fox', 'Vulpes lagopus', 'Least Concern', 'Mammals', 4, 27, 'Carnivore'),
(28, 'Wild Boar', 'Sus scrofa', 'Least Concern', 'Mammals', 90, 28, 'Omnivore'),
(29, 'Saltwater Crocodile', 'Crocodylus porosus', 'Least Concern', 'Reptiles', 1000, 29, 'Carnivore'),
(30, 'Red Deer', 'Cervus elaphus', 'Least Concern', 'Mammals', 200, 30, 'Herbivore'),
(31, 'Sumatran Tiger', 'Panthera tigris sumatrae', 'Critically Endangered', 'Mammals', 100, 31, 'Carnivore'),
(32, 'Capuchin Monkey', 'Cebinae', 'Least Concern', 'Mammals', 3, 32, 'Omnivore'),
(33, 'Gibbon', 'Hylobatidae', 'Endangered', 'Mammals', 6, 33, 'Omnivore'),
(34, 'African Wild Dog', 'Lycaon pictus', 'Endangered', 'Mammals', 30, 34, 'Carnivore'),
(35, 'Sand Cat', 'Felis margarita', 'Least Concern', 'Mammals', 3, 35, 'Carnivore'),
(36, 'Forest Elephant', 'Loxodonta cyclotis', 'Critically Endangered', 'Mammals', 3000, 36, 'Herbivore'),
(37, 'Cheetah', 'Acinonyx jubatus', 'Vulnerable', 'Mammals', 50, 37, 'Carnivore'),
(38, 'Persian Leopard', 'Panthera pardus saxicolor', 'Endangered', 'Mammals', 70, 38, 'Carnivore'),
(39, 'Nile Crocodile', 'Crocodylus niloticus', 'Least Concern', 'Reptiles', 700, 39, 'Carnivore'),
(40, 'Red Fox', 'Vulpes vulpes', 'Least Concern', 'Mammals', 8, 40, 'Omnivore'),
(41, 'Barbary Lion', 'Panthera leo leo', 'Extinct in the Wild', 'Mammals', 200, 41, 'Carnivore'),
(42, 'Turkish Wolf', 'Canis lupus', 'Least Concern', 'Mammals', 45, 42, 'Carnivore'),
(43, 'Musk Ox', 'Ovibos moschatus', 'Least Concern', 'Mammals', 300, 43, 'Herbivore'),
(44, 'Pacific Flying Fox', 'Pteropus tonganus', 'Least Concern', 'Mammals', 1, 44, 'Frugivore'),
(45, 'Snow Leopard', 'Panthera uncia', 'Vulnerable', 'Mammals', 55, 45, 'Carnivore'),
(46, 'Golden Langur', 'Trachypithecus geei', 'Endangered', 'Mammals', 11, 46, 'Herbivore'),
(47, 'Orinoco Crocodile', 'Crocodylus intermedius', 'Critically Endangered', 'Reptiles', 500, 47, 'Carnivore'),
(48, 'Bengal Tiger', 'Panthera tigris tigris', 'Endangered', 'Mammals', 220, 48, 'Carnivore'),
(49, 'Cuban Trogon', 'Priotelus temnurus', 'Least Concern', 'Birds', 0.1, 49, 'Omnivore'),
(50, 'Saiga Antelope', 'Saiga tatarica', 'Critically Endangered', 'Mammals', 50, 50, 'Herbivore');

INSERT INTO `Endangered` (`ID`, `Animal_ID`, `Area_ID`) VALUES
(1, 1, 1),  
(2, 2, 2),  
(3, 3, 3),  
(4, 4, 4),  
(5, 5, 5),
(6, 6, 6),
(7, 7, 7),
(8, 8, 8),
(9, 9, 9),
(10, 10, 10),
(11, 11, 11),
(12, 12, 12),
(13, 13, 13),
(14, 14, 14),
(15, 15, 15),
(16, 16, 16),
(17, 17, 17),
(18, 18, 18),
(19, 19, 19),
(20, 20, 20),
(21, 21, 21),
(22, 22, 22),
(23, 23, 23),
(24, 24, 24),
(25, 25, 25),
(26, 26, 26),
(27, 27, 27),
(28, 28, 28),
(29, 29, 29),
(30, 30, 30),
(31, 31, 31),
(32, 32, 32),
(33, 33, 33),
(34, 34, 34),
(35, 35, 35),
(36, 36, 36),
(37, 37, 37),
(38, 38, 38),
(39, 39, 39),
(40, 40, 40),
(41, 41, 41),
(42, 42, 42),
(43, 43, 43),
(44, 44, 44),
(45, 45, 45),
(46, 46, 46),
(47, 47, 47),
(48, 48, 48),
(49, 49, 49),
(50, 50, 50);

INSERT INTO `Animal_Wildlife` (`Animal_ID`, `Wildlife_ID`) VALUES
(1, 1),  
(2, 2),  
(3, 3),  
(4, 4),  
(5, 5),
(6, 6),
(7, 7),
(8, 8),
(9, 9),
(10, 10),
(11, 11),
(12, 12),
(13, 13),
(14, 14),
(15, 15),
(16, 16),
(17, 17),
(18, 18),
(19, 19),
(20, 20),
(21, 21),
(22, 22),
(23, 23),
(24, 24),
(25, 25),
(26, 26),
(27, 27),
(28, 28),
(29, 29),
(30, 30),
(31, 31),
(32, 32),
(33, 33),
(34, 34),
(35, 35),
(36, 36),
(37, 37),
(38, 38),
(39, 39),
(40, 40),
(41, 41),
(42, 42),
(43, 43),
(44, 44),
(45, 45),
(46, 46),
(47, 47),
(48, 48),
(49, 49),
(50, 50);
